whichProgramToRun, users, attributes, k, timeTaken (seconds)\n
serial, 10, 5, 1, 0.000003
serial, 20, 5, 1, 0.000010
serial, 40, 5, 1, 0.000037
serial, 80, 5, 1, 0.000147
serial, 160, 5, 1, 0.000584
serial, 320, 5, 1, 0.002338
serial, 640, 5, 1, 0.009289
serial, 1280, 5, 1, 0.037186
serial, 2560, 5, 1, 0.148115
serial, 5120, 5, 1, 0.593157
serial, 10240, 5, 1, 2.391091
serial, 20480, 5, 1, 9.531507
serial, 40960, 5, 1, 38.260313
